[{"model": "admin.logentry", "pk": 1, "fields": {"action_time": "2023-03-27T00:00:17.132Z", "user": 1, "content_type": 9, "object_id": "1", "object_repr": "Food", "action_flag": 1, "change_message": "[{\"added\": {}}]"}}, {"model": "admin.logentry", "pk": 2, "fields": {"action_time": "2023-03-27T00:10:01.610Z", "user": 1, "content_type": 9, "object_id": "1", "object_repr": "Food", "action_flag": 2, "change_message": "[{\"changed\": {\"fields\": [\"Image\", \"Thumbnail\"]}}]"}}, {"model": "admin.logentry", "pk": 3, "fields": {"action_time": "2023-03-27T00:10:16.343Z", "user": 1, "content_type": 9, "object_id": "1", "object_repr": "Food", "action_flag": 2, "change_message": "[{\"changed\": {\"fields\": [\"Image\"]}}]"}}, {"model": "admin.logentry", "pk": 4, "fields": {"action_time": "2023-03-27T00:15:23.425Z", "user": 1, "content_type": 10, "object_id": "1", "object_repr": "Test", "action_flag": 1, "change_message": "[{\"added\": {}}]"}}, {"model": "admin.logentry", "pk": 5, "fields": {"action_time": "2023-03-27T11:50:12.150Z", "user": 1, "content_type": 9, "object_id": "2", "object_repr": "Accommodation", "action_flag": 1, "change_message": "[{\"added\": {}}]"}}, {"model": "admin.logentry", "pk": 6, "fields": {"action_time": "2023-03-27T11:50:22.411Z", "user": 1, "content_type": 9, "object_id": "3", "object_repr": "Shopping", "action_flag": 1, "change_message": "[{\"added\": {}}]"}}, {"model": "admin.logentry", "pk": 7, "fields": {"action_time": "2023-03-27T11:50:36.675Z", "user": 1, "content_type": 9, "object_id": "4", "object_repr": "Entertainment", "action_flag": 1, "change_message": "[{\"added\": {}}]"}}, {"model": "admin.logentry", "pk": 8, "fields": {"action_time": "2023-03-27T16:32:12.422Z", "user": 1, "content_type": 10, "object_id": "29", "object_repr": "Five Guys Glasgow Fort", "action_flag": 3, "change_message": ""}}, {"model": "admin.logentry", "pk": 9, "fields": {"action_time": "2023-03-27T16:32:12.501Z", "user": 1, "content_type": 10, "object_id": "28", "object_repr": "Five Guys Glasgow Fort", "action_flag": 3, "change_message": ""}}, {"model": "admin.logentry", "pk": 10, "fields": {"action_time": "2023-03-27T16:32:12.508Z", "user": 1, "content_type": 10, "object_id": "27", "object_repr": "Five Guys Glasgow Fort", "action_flag": 3, "change_message": ""}}, {"model": "admin.logentry", "pk": 11, "fields": {"action_time": "2023-03-27T16:32:12.513Z", "user": 1, "content_type": 10, "object_id": "26", "object_repr": "Five Guys Glasgow Fort", "action_flag": 3, "change_message": ""}}, {"model": "admin.logentry", "pk": 12, "fields": {"action_time": "2023-03-27T16:32:12.521Z", "user": 1, "content_type": 10, "object_id": "25", "object_repr": "Five Guys Glasgow Fort", "action_flag": 3, "change_message": ""}}, {"model": "admin.logentry", "pk": 13, "fields": {"action_time": "2023-03-27T16:32:12.526Z", "user": 1, "content_type": 10, "object_id": "24", "object_repr": "Five Guys Glasgow Fort", "action_flag": 3, "change_message": ""}}, {"model": "admin.logentry", "pk": 14, "fields": {"action_time": "2023-03-27T16:32:12.531Z", "user": 1, "content_type": 10, "object_id": "23", "object_repr": "Five Guys Glasgow Fort", "action_flag": 3, "change_message": ""}}, {"model": "admin.logentry", "pk": 15, "fields": {"action_time": "2023-03-27T16:32:12.537Z", "user": 1, "content_type": 10, "object_id": "22", "object_repr": "Five Guys Glasgow Fort", "action_flag": 3, "change_message": ""}}, {"model": "admin.logentry", "pk": 16, "fields": {"action_time": "2023-03-27T16:32:12.542Z", "user": 1, "content_type": 10, "object_id": "21", "object_repr": "Five Guys Glasgow Fort", "action_flag": 3, "change_message": ""}}, {"model": "admin.logentry", "pk": 17, "fields": {"action_time": "2023-03-27T16:32:12.548Z", "user": 1, "content_type": 10, "object_id": "20", "object_repr": "Five Guys Glasgow Fort", "action_flag": 3, "change_message": ""}}, {"model": "admin.logentry", "pk": 18, "fields": {"action_time": "2023-03-27T16:32:12.554Z", "user": 1, "content_type": 10, "object_id": "19", "object_repr": "Five Guys Glasgow Fort", "action_flag": 3, "change_message": ""}}, {"model": "admin.logentry", "pk": 19, "fields": {"action_time": "2023-03-27T16:32:12.559Z", "user": 1, "content_type": 10, "object_id": "18", "object_repr": "Five Guys Glasgow Fort", "action_flag": 3, "change_message": ""}}, {"model": "admin.logentry", "pk": 20, "fields": {"action_time": "2023-03-27T16:32:12.564Z", "user": 1, "content_type": 10, "object_id": "17", "object_repr": "Five Guys Glasgow Fort", "action_flag": 3, "change_message": ""}}, {"model": "admin.logentry", "pk": 21, "fields": {"action_time": "2023-03-27T16:32:12.569Z", "user": 1, "content_type": 10, "object_id": "16", "object_repr": "Five Guys Glasgow Fort", "action_flag": 3, "change_message": ""}}, {"model": "admin.logentry", "pk": 22, "fields": {"action_time": "2023-03-27T16:32:12.575Z", "user": 1, "content_type": 10, "object_id": "15", "object_repr": "Five Guys Glasgow Fort", "action_flag": 3, "change_message": ""}}, {"model": "admin.logentry", "pk": 23, "fields": {"action_time": "2023-03-27T16:32:12.580Z", "user": 1, "content_type": 10, "object_id": "14", "object_repr": "Five Guys Glasgow Fort", "action_flag": 3, "change_message": ""}}, {"model": "admin.logentry", "pk": 24, "fields": {"action_time": "2023-03-27T16:32:12.586Z", "user": 1, "content_type": 10, "object_id": "13", "object_repr": "Five Guys Glasgow Fort", "action_flag": 3, "change_message": ""}}, {"model": "admin.logentry", "pk": 25, "fields": {"action_time": "2023-03-27T16:32:12.591Z", "user": 1, "content_type": 10, "object_id": "12", "object_repr": "Five Guys Glasgow Fort", "action_flag": 3, "change_message": ""}}, {"model": "admin.logentry", "pk": 26, "fields": {"action_time": "2023-03-27T16:32:12.595Z", "user": 1, "content_type": 10, "object_id": "11", "object_repr": "Five Guys Glasgow Fort", "action_flag": 3, "change_message": ""}}, {"model": "admin.logentry", "pk": 27, "fields": {"action_time": "2023-03-27T16:32:12.601Z", "user": 1, "content_type": 10, "object_id": "10", "object_repr": "Five Guys Glasgow Fort", "action_flag": 3, "change_message": ""}}, {"model": "admin.logentry", "pk": 28, "fields": {"action_time": "2023-03-27T16:32:12.605Z", "user": 1, "content_type": 10, "object_id": "9", "object_repr": "Five Guys Glasgow Fort", "action_flag": 3, "change_message": ""}}, {"model": "admin.logentry", "pk": 29, "fields": {"action_time": "2023-03-27T16:32:12.610Z", "user": 1, "content_type": 10, "object_id": "8", "object_repr": "Five Guys Glasgow Fort", "action_flag": 3, "change_message": ""}}, {"model": "admin.logentry", "pk": 30, "fields": {"action_time": "2023-03-27T16:32:12.615Z", "user": 1, "content_type": 10, "object_id": "7", "object_repr": "Five Guys Glasgow Fort", "action_flag": 3, "change_message": ""}}, {"model": "admin.logentry", "pk": 31, "fields": {"action_time": "2023-03-27T16:32:30.982Z", "user": 1, "content_type": 10, "object_id": "5", "object_repr": "Buchanan Galleries", "action_flag": 3, "change_message": ""}}, {"model": "admin.logentry", "pk": 32, "fields": {"action_time": "2023-03-27T16:32:47.655Z", "user": 1, "content_type": 10, "object_id": "4", "object_repr": "Princes Square Shopping Centre", "action_flag": 3, "change_message": ""}}, {"model": "admin.logentry", "pk": 33, "fields": {"action_time": "2023-03-27T16:32:55.555Z", "user": 1, "content_type": 10, "object_id": "3", "object_repr": "Five Guys Glasgow St Vincent St", "action_flag": 3, "change_message": ""}}, {"model": "admin.logentry", "pk": 34, "fields": {"action_time": "2023-03-27T16:32:55.560Z", "user": 1, "content_type": 10, "object_id": "6", "object_repr": "Five Guys Glasgow Fort", "action_flag": 3, "change_message": ""}}, {"model": "admin.logentry", "pk": 35, "fields": {"action_time": "2023-03-27T17:01:36.974Z", "user": 1, "content_type": 10, "object_id": "30", "object_repr": "Five Guys Glasgow Fort", "action_flag": 2, "change_message": "[{\"changed\": {\"fields\": [\"Image\", \"Thumbnail\"]}}]"}}, {"model": "admin.logentry", "pk": 36, "fields": {"action_time": "2023-03-27T17:01:44.552Z", "user": 1, "content_type": 10, "object_id": "30", "object_repr": "Five Guys Glasgow Fort", "action_flag": 2, "change_message": "[{\"changed\": {\"fields\": [\"Image\"]}}]"}}, {"model": "auth.permission", "pk": 1, "fields": {"name": "Can add log entry", "content_type": 1, "codename": "add_logentry"}}, {"model": "auth.permission", "pk": 2, "fields": {"name": "Can change log entry", "content_type": 1, "codename": "change_logentry"}}, {"model": "auth.permission", "pk": 3, "fields": {"name": "Can delete log entry", "content_type": 1, "codename": "delete_logentry"}}, {"model": "auth.permission", "pk": 4, "fields": {"name": "Can view log entry", "content_type": 1, "codename": "view_logentry"}}, {"model": "auth.permission", "pk": 5, "fields": {"name": "Can add permission", "content_type": 2, "codename": "add_permission"}}, {"model": "auth.permission", "pk": 6, "fields": {"name": "Can change permission", "content_type": 2, "codename": "change_permission"}}, {"model": "auth.permission", "pk": 7, "fields": {"name": "Can delete permission", "content_type": 2, "codename": "delete_permission"}}, {"model": "auth.permission", "pk": 8, "fields": {"name": "Can view permission", "content_type": 2, "codename": "view_permission"}}, {"model": "auth.permission", "pk": 9, "fields": {"name": "Can add group", "content_type": 3, "codename": "add_group"}}, {"model": "auth.permission", "pk": 10, "fields": {"name": "Can change group", "content_type": 3, "codename": "change_group"}}, {"model": "auth.permission", "pk": 11, "fields": {"name": "Can delete group", "content_type": 3, "codename": "delete_group"}}, {"model": "auth.permission", "pk": 12, "fields": {"name": "Can view group", "content_type": 3, "codename": "view_group"}}, {"model": "auth.permission", "pk": 13, "fields": {"name": "Can add user", "content_type": 4, "codename": "add_user"}}, {"model": "auth.permission", "pk": 14, "fields": {"name": "Can change user", "content_type": 4, "codename": "change_user"}}, {"model": "auth.permission", "pk": 15, "fields": {"name": "Can delete user", "content_type": 4, "codename": "delete_user"}}, {"model": "auth.permission", "pk": 16, "fields": {"name": "Can view user", "content_type": 4, "codename": "view_user"}}, {"model": "auth.permission", "pk": 17, "fields": {"name": "Can add content type", "content_type": 5, "codename": "add_contenttype"}}, {"model": "auth.permission", "pk": 18, "fields": {"name": "Can change content type", "content_type": 5, "codename": "change_contenttype"}}, {"model": "auth.permission", "pk": 19, "fields": {"name": "Can delete content type", "content_type": 5, "codename": "delete_contenttype"}}, {"model": "auth.permission", "pk": 20, "fields": {"name": "Can view content type", "content_type": 5, "codename": "view_contenttype"}}, {"model": "auth.permission", "pk": 21, "fields": {"name": "Can add session", "content_type": 6, "codename": "add_session"}}, {"model": "auth.permission", "pk": 22, "fields": {"name": "Can change session", "content_type": 6, "codename": "change_session"}}, {"model": "auth.permission", "pk": 23, "fields": {"name": "Can delete session", "content_type": 6, "codename": "delete_session"}}, {"model": "auth.permission", "pk": 24, "fields": {"name": "Can view session", "content_type": 6, "codename": "view_session"}}, {"model": "auth.permission", "pk": 25, "fields": {"name": "Can add Token", "content_type": 7, "codename": "add_token"}}, {"model": "auth.permission", "pk": 26, "fields": {"name": "Can change Token", "content_type": 7, "codename": "change_token"}}, {"model": "auth.permission", "pk": 27, "fields": {"name": "Can delete Token", "content_type": 7, "codename": "delete_token"}}, {"model": "auth.permission", "pk": 28, "fields": {"name": "Can view Token", "content_type": 7, "codename": "view_token"}}, {"model": "auth.permission", "pk": 29, "fields": {"name": "Can add token", "content_type": 8, "codename": "add_tokenproxy"}}, {"model": "auth.permission", "pk": 30, "fields": {"name": "Can change token", "content_type": 8, "codename": "change_tokenproxy"}}, {"model": "auth.permission", "pk": 31, "fields": {"name": "Can delete token", "content_type": 8, "codename": "delete_tokenproxy"}}, {"model": "auth.permission", "pk": 32, "fields": {"name": "Can view token", "content_type": 8, "codename": "view_tokenproxy"}}, {"model": "auth.permission", "pk": 33, "fields": {"name": "Can add category", "content_type": 9, "codename": "add_category"}}, {"model": "auth.permission", "pk": 34, "fields": {"name": "Can change category", "content_type": 9, "codename": "change_category"}}, {"model": "auth.permission", "pk": 35, "fields": {"name": "Can delete category", "content_type": 9, "codename": "delete_category"}}, {"model": "auth.permission", "pk": 36, "fields": {"name": "Can view category", "content_type": 9, "codename": "view_category"}}, {"model": "auth.permission", "pk": 37, "fields": {"name": "Can add product", "content_type": 10, "codename": "add_product"}}, {"model": "auth.permission", "pk": 38, "fields": {"name": "Can change product", "content_type": 10, "codename": "change_product"}}, {"model": "auth.permission", "pk": 39, "fields": {"name": "Can delete product", "content_type": 10, "codename": "delete_product"}}, {"model": "auth.permission", "pk": 40, "fields": {"name": "Can view product", "content_type": 10, "codename": "view_product"}}, {"model": "auth.permission", "pk": 41, "fields": {"name": "Can add review", "content_type": 11, "codename": "add_review"}}, {"model": "auth.permission", "pk": 42, "fields": {"name": "Can change review", "content_type": 11, "codename": "change_review"}}, {"model": "auth.permission", "pk": 43, "fields": {"name": "Can delete review", "content_type": 11, "codename": "delete_review"}}, {"model": "auth.permission", "pk": 44, "fields": {"name": "Can view review", "content_type": 11, "codename": "view_review"}}, {"model": "auth.permission", "pk": 45, "fields": {"name": "Can add favorite shop", "content_type": 12, "codename": "add_favoriteshop"}}, {"model": "auth.permission", "pk": 46, "fields": {"name": "Can change favorite shop", "content_type": 12, "codename": "change_favoriteshop"}}, {"model": "auth.permission", "pk": 47, "fields": {"name": "Can delete favorite shop", "content_type": 12, "codename": "delete_favoriteshop"}}, {"model": "auth.permission", "pk": 48, "fields": {"name": "Can view favorite shop", "content_type": 12, "codename": "view_favoriteshop"}}, {"model": "auth.user", "pk": 1, "fields": {"password": "pbkdf2_sha256$390000$jFuYqZ7lkU2GvLHv5z6Rpc$os5tBhxqtX0uJADccmOFI6S0Npg7Pe5z5GiFOSCaiL8=", "last_login": "2023-03-26T22:15:09.023Z", "is_superuser": true, "username": "admin", "first_name": "", "last_name": "", "email": "admin@admin.com", "is_staff": true, "is_active": true, "date_joined": "2023-03-26T22:14:40.689Z", "groups": [], "user_permissions": []}}, {"model": "auth.user", "pk": 2, "fields": {"password": "pbkdf2_sha256$390000$Rbz7aPSt5oZdMxreL9Lp8s$9Lsvi0kM1BwG5IjgILxlyf1dnXUcXWjpar/9rnl+/cU=", "last_login": "2023-03-27T14:16:46.018Z", "is_superuser": false, "username": "ggadmin", "first_name": "ggadmin", "last_name": "ggadmin", "email": "ggadmin@ggadmin.com", "is_staff": true, "is_active": true, "date_joined": "2023-03-26T23:58:43.571Z", "groups": [], "user_permissions": []}}, {"model": "auth.user", "pk": 3, "fields": {"password": "pbkdf2_sha256$390000$EBjmmj54wFQhUbeGXeIxOo$6TsIVa2s7LojzkPQo0vk4kRDAK83V+YMFZsICETUTkU=", "last_login": "2023-03-27T16:28:43.722Z", "is_superuser": false, "username": "ashworthjames", "first_name": "James", "last_name": "Ashworth", "email": "ashworthjames1986@gmail.com", "is_staff": true, "is_active": true, "date_joined": "2023-03-27T14:52:14.203Z", "groups": [], "user_permissions": []}}, {"model": "auth.user", "pk": 4, "fields": {"password": "pbkdf2_sha256$390000$AvM6mLAqMlfkcS64uLsvh5$fe5hsfkyYxsqK/H/p/Ct5pqKXTJLrExc9qmZ17MLI5Y=", "last_login": "2023-03-27T16:55:07.261Z", "is_superuser": false, "username": "thecolonel", "first_name": "the", "last_name": "colonel", "email": "kfc4life@gmail.com", "is_staff": true, "is_active": true, "date_joined": "2023-03-27T16:54:50.627Z", "groups": [], "user_permissions": []}}, {"model": "auth.user", "pk": 5, "fields": {"password": "pbkdf2_sha256$390000$976wKDwDOpaCV79Xe2yCq6$8CHRK9QFw6EuJEbZqkl5ePwWcnnHycHuYZUGl/l1kgE=", "last_login": "2023-03-27T17:02:00.591Z", "is_superuser": false, "username": "iamaclown", "first_name": "Ronald", "last_name": "Mcdonald", "email": "RMcdonald@gmail.com", "is_staff": true, "is_active": true, "date_joined": "2023-03-27T17:01:51.468Z", "groups": [], "user_permissions": []}}, {"model": "auth.user", "pk": 6, "fields": {"password": "pbkdf2_sha256$390000$VJaIrW8iC5zSXj3HzAgGpw$hrFU0TAXdxVvMiRFrshQQUZ0HT1TFgng2sHVPo2dM2s=", "last_login": "2023-03-27T17:57:27.953Z", "is_superuser": false, "username": "entadmin", "first_name": "entertainment", "last_name": "admin", "email": "ent@admin.com", "is_staff": true, "is_active": true, "date_joined": "2023-03-27T17:06:21.960Z", "groups": [], "user_permissions": []}}, {"model": "auth.user", "pk": 7, "fields": {"password": "pbkdf2_sha256$390000$Bf8iPrSwKhBV9tM0FG2NsC$zQhEjxPFXjlewOvdjWI/iEtIiEESugF8C03BwPw2kf0=", "last_login": "2023-03-27T17:57:35.270Z", "is_superuser": false, "username": "richboy", "first_name": "Rich", "last_name": "Boya", "email": "Rich@boy.com", "is_staff": true, "is_active": true, "date_joined": "2023-03-27T17:33:20.024Z", "groups": [], "user_permissions": []}}, {"model": "auth.user", "pk": 8, "fields": {"password": "pbkdf2_sha256$390000$maF8qWTBP3xn4heZQM6JyM$mbrzv4Vl5Miw5IxzvnHaU6Yf8dLdzowkGgO/QTG5yj0=", "last_login": "2023-03-27T17:34:20.285Z", "is_superuser": false, "username": "hello1122", "first_name": "hello", "last_name": "me", "email": "hello@gmail.com", "is_staff": false, "is_active": true, "date_joined": "2023-03-27T17:33:53.824Z", "groups": [], "user_permissions": []}}, {"model": "contenttypes.contenttype", "pk": 1, "fields": {"app_label": "admin", "model": "logentry"}}, {"model": "contenttypes.contenttype", "pk": 2, "fields": {"app_label": "auth", "model": "permission"}}, {"model": "contenttypes.contenttype", "pk": 3, "fields": {"app_label": "auth", "model": "group"}}, {"model": "contenttypes.contenttype", "pk": 4, "fields": {"app_label": "auth", "model": "user"}}, {"model": "contenttypes.contenttype", "pk": 5, "fields": {"app_label": "contenttypes", "model": "contenttype"}}, {"model": "contenttypes.contenttype", "pk": 6, "fields": {"app_label": "sessions", "model": "session"}}, {"model": "contenttypes.contenttype", "pk": 7, "fields": {"app_label": "authtoken", "model": "token"}}, {"model": "contenttypes.contenttype", "pk": 8, "fields": {"app_label": "authtoken", "model": "tokenproxy"}}, {"model": "contenttypes.contenttype", "pk": 9, "fields": {"app_label": "product", "model": "category"}}, {"model": "contenttypes.contenttype", "pk": 10, "fields": {"app_label": "product", "model": "product"}}, {"model": "contenttypes.contenttype", "pk": 11, "fields": {"app_label": "product", "model": "review"}}, {"model": "contenttypes.contenttype", "pk": 12, "fields": {"app_label": "product", "model": "favoriteshop"}}, {"model": "sessions.session", "pk": "w17paz0sut70cdg6i26wx6yu3yixbls8", "fields": {"session_data": ".eJxVjEEOwiAQRe_C2hCQKTAu3fcMhGGoVA0kpV0Z765NutDtf-_9lwhxW0vYel7CzOIitDj9bhTTI9cd8D3WW5Op1XWZSe6KPGiXY-P8vB7u30GJvXxrSsZ7QM3gYUBlKTPmISbliVyeENxZa48JnCVH3oJii4DMZjIUHYn3B9goN8U:1pgYdp:Cid1JHrWclY54a8XVJ0fCVFBEHxOu7n9l2r79QWsSvY", "expire_date": "2023-04-09T22:15:09.029Z"}}, {"model": "authtoken.token", "pk": "1b216afd57ecc639cf332f9dc90ec5cb35efdf75", "fields": {"user": 5, "created": "2023-03-27T17:02:00.585Z"}}, {"model": "authtoken.token", "pk": "2bd99678872bf7c2a57aaa41e4853e6243992c1c", "fields": {"user": 7, "created": "2023-03-27T17:33:24.665Z"}}, {"model": "authtoken.token", "pk": "4e226681a4d9e199f0a9d72175da447affa02699", "fields": {"user": 4, "created": "2023-03-27T16:55:07.254Z"}}, {"model": "authtoken.token", "pk": "8ea1297a19dbfa53429a6fc268065ab9d7b3f40f", "fields": {"user": 6, "created": "2023-03-27T17:06:26.467Z"}}, {"model": "authtoken.token", "pk": "a449a24cefa2499f7049553a6607d6bad154e42e", "fields": {"user": 8, "created": "2023-03-27T17:34:20.279Z"}}, {"model": "authtoken.token", "pk": "e915f0a20edfceb4444e725471bbdb4c4a4c2dc0", "fields": {"user": 3, "created": "2023-03-27T14:52:20.265Z"}}, {"model": "authtoken.token", "pk": "f087f385292bd32fd75f31a5e10e91fe4d5a344a", "fields": {"user": 2, "created": "2023-03-26T23:59:10.481Z"}}, {"model": "product.category", "pk": 1, "fields": {"name": "Food", "slug": "food", "image": "uploads/food.jpg", "thumbnail": "uploads/uploads/food.jpg"}}, {"model": "product.category", "pk": 2, "fields": {"name": "Accommodation", "slug": "accommodation", "image": "uploads/accommodation.jpeg", "thumbnail": "uploads/uploads/accommodation.jpeg"}}, {"model": "product.category", "pk": 3, "fields": {"name": "Shopping", "slug": "shopping", "image": "uploads/shopping.jpeg", "thumbnail": "uploads/uploads/shopping.jpeg"}}, {"model": "product.category", "pk": 4, "fields": {"name": "Entertainment", "slug": "entertainment", "image": "uploads/entertainment.jpeg", "thumbnail": "uploads/uploads/entertainment.jpeg"}}, {"model": "product.product", "pk": 30, "fields": {"category": 1, "name": "Five Guys Glasgow Fort", "slug": "five-guys-glasgow-fort", "description": "Fast-food chain with made-to-order burgers, fries & hot dogs, plus free peanuts while you wait.", "address": "Glasgow Fort Shopping Park, Unit K8-K14, Provan Walk, Glasgow G34 9DL", "image": "uploads/five_guys_fort.jpeg", "thumbnail": "uploads/uploads/five_guys_fort.jpeg", "date_added": "2023-03-27T16:51:55.546Z", "phone": "0141 771 0424", "map_url": "https://www.google.com/search?q=five%20guys%20glasgow&rlz=1C1CHZL_enMY779MY779&sxsrf=APwXEdckktlGVFl-WKzauqngEsm_5bVrnA:1679928946166&ei=yq0hZMC8JaiDhbIPvuWgiAI&oq=five+guys+&gs_lcp=Cgxnd3Mtd2l6LXNlcn", "avg_rating": 3.3333333333333335, "owner": 3, "favorite_count": 1}}, {"model": "product.product", "pk": 31, "fields": {"category": 1, "name": "Five Guys Glasgow Braehead", "slug": "five-guys-glasgow-braehead", "description": "Fast-food chain with made-to-order burgers, fries & hot dogs, plus free peanuts while you wait.", "address": "Unit C5, Braehead Shopping Centre, Glasgow G51 4BP", "image": "uploads/five_guys_1.jpg", "thumbnail": "uploads/uploads/five_guys_1.jpg", "date_added": "2023-03-27T16:53:44.002Z", "phone": "0141 885 0563", "map_url": "https://www.google.com/search?q=five%20guys%20glasgow&rlz=1C1CHZL_enMY779MY779&sxsrf=APwXEdckktlGVFl-WKzauqngEsm_5bVrnA:1679928946166&ei=yq0hZMC8JaiDhbIPvuWgiAI&oq=five+guys+&gs_lcp=Cgxnd3Mtd2l6LXNlcn", "avg_rating": 4.5, "owner": 3, "favorite_count": 0}}, {"model": "product.product", "pk": 32, "fields": {"category": 1, "name": "Sichuan House", "slug": "sichuan-house", "description": "Sichuan House is the very first Sichuan cuisine restaurant established in Glasgow 6 years ago. We are situated in the heart of Glasgow in Sauchiehall Street. Sichuan is a style of Chinese cuisine originating from Sichuan Province. It has bold flavours, particularly the pungency and spiciness resulting from liberal use of garlic and chili peppers, as well as the unique flavour of Sichuan pepper.", "address": "345-349 Sauchiehall St, Glasgow G2 3HW", "image": "uploads/sichuan_house.jpg", "thumbnail": "uploads/uploads/sichuan_house.jpg", "date_added": "2023-03-27T16:56:27.810Z", "phone": "1413331788", "map_url": "https://goo.gl/maps/4ESggKhKfmkELACs7", "avg_rating": 4.5, "owner": 2, "favorite_count": 0}}, {"model": "product.product", "pk": 33, "fields": {"category": 3, "name": "Princes Square Shopping Centre", "slug": "princes-square-shopping-centre", "description": "Princes Square opened in its current format as a shopping and dining destination in 1988. Now owned by Redevco, the centre has undergone a 7.5m refurbishment.", "address": "Princes Square, 48 Buchanan St, Glasgow G1 3JN", "image": "uploads/princes-square.jpg", "thumbnail": "uploads/uploads/princes-square.jpg", "date_added": "2023-03-27T16:58:00.995Z", "phone": "1412210324", "map_url": "https://goo.gl/maps/HoGPtef4tB55w3tZ8", "avg_rating": 4.0, "owner": 2, "favorite_count": 0}}, {"model": "product.product", "pk": 34, "fields": {"category": 1, "name": "KFC Glasgow", "slug": "kfc-glasgow", "description": "Restaurant chain known for its buckets of fried chicken, plus combo meals & sides.", "address": "104-106 Renfield St, Glasgow G2 1NH", "image": "uploads/kfc1.jpg", "thumbnail": "uploads/uploads/kfc1.jpg", "date_added": "2023-03-27T17:00:32.467Z", "phone": "0141 332 6469", "map_url": "https://www.google.com/search?q=kfc+glasgow&rlz=1C1CHZL_enMY779MY779&tbm=lcl&sxsrf=APwXEdfWB9Gb3Ps9EqT64W2xF768USeDbw%3A1679934357042&ei=lcMhZM-VAqiDhbIP_P2imA8&ved=0ahUKEwiPtOOUw_z9AhWoQUEAHfy-CPMQ4d", "avg_rating": 4.5, "owner": 4, "favorite_count": 0}}, {"model": "product.product", "pk": 35, "fields": {"category": 3, "name": "St. Enoch Centre", "slug": "st-enoch-centre", "description": "Voted as one of the friendliest cities in the world, St. Enoch Centre is proud to call Glasgow home. For over 30 years, St. Enoch Centre has been at the heart of this stylish, vibrant and energetic City which is renowned for its stunning architecture, internationally-acclaimed galleries and museums, fantastic shopping and its unrivalled restaurants, bars and nightlife.", "address": "55 St Enoch Sq, Glasgow G1 4BW", "image": "uploads/st_enoch_square.jpg", "thumbnail": "uploads/uploads/st_enoch_square.jpg", "date_added": "2023-03-27T17:03:57.899Z", "phone": "1412043900", "map_url": "https://goo.gl/maps/P7Awaox1Rf9yLZqY7", "avg_rating": 4.0, "owner": 2, "favorite_count": 0}}, {"model": "product.product", "pk": 36, "fields": {"category": 1, "name": "McDonald's Argyle St", "slug": "mcdonalds-argyle-st", "description": "Classic, long-running fast-food chain known for its burgers & fries.", "address": "209, 215 Argyle St, Glasgow G2 8DL", "image": "uploads/MD1.jpg", "thumbnail": "uploads/uploads/MD1.jpg", "date_added": "2023-03-27T17:04:28.348Z", "phone": "0141 248 7324", "map_url": "https://goo.gl/maps/KixTxqocTESyxCSd7", "avg_rating": 1.6666666666666667, "owner": 5, "favorite_count": 0}}, {"model": "product.product", "pk": 37, "fields": {"category": 1, "name": "McDonald's Enoch Shopping Centre", "slug": "mcdonalds-enoch-shopping-centre", "description": "Classic, long-running fast-food chain known for its burgers & fries.\r\n\r\n", "address": "Kiosk F1, Food Court, St. Enoch Shopping Centre, Glasgow G1 4BW", "image": "uploads/MD2.jpg", "thumbnail": "uploads/uploads/MD2.jpg", "date_added": "2023-03-27T17:06:12.834Z", "phone": "0141 221 2053", "map_url": "https://goo.gl/maps/m5YpUFo6B3hmb9zAA", "avg_rating": 4.0, "owner": 5, "favorite_count": 0}}, {"model": "product.product", "pk": 38, "fields": {"category": 1, "name": "McDonald's Tronsgate", "slug": "mcdonalds-tronsgate", "description": "Classic, long-running fast-food chain known for its burgers & fries.", "address": "165/167 Trongate, Glasgow G1 5HF", "image": "uploads/MD3.JPG", "thumbnail": "uploads/uploads/MD3.JPG", "date_added": "2023-03-27T17:07:28.332Z", "phone": "0141 552 5830", "map_url": "https://goo.gl/maps/oQfzvVMtQoRXRH1r7", "avg_rating": 1.0, "owner": 5, "favorite_count": 0}}, {"model": "product.product", "pk": 39, "fields": {"category": 3, "name": "ALDI", "slug": "aldi", "description": "There's s only one place to enjoy the full Everyday Amazing experience and that's in your local Aldi store. Whether you're looking for amazing value groceries, beautiful fresh flowers or you just want to browse our famous Middle Aisles, we have everything you need (and more!) for your big weekly shop.", "address": "132,136, 140 High St, Glasgow G1 1QF", "image": "uploads/aldi.jpg", "thumbnail": "uploads/uploads/aldi.jpg", "date_added": "2023-03-27T17:07:58.777Z", "phone": "8000420800", "map_url": "https://goo.gl/maps/RFZGCKcBBZQSiNBZ7", "avg_rating": 5.0, "owner": 6, "favorite_count": 0}}, {"model": "product.product", "pk": 40, "fields": {"category": 1, "name": "McDonald's Sauchiehall St", "slug": "mcdonalds-sauchiehall-st", "description": "Classic, long-running fast-food chain known for its burgers & fries.", "address": "101, 105 Sauchiehall St, Glasgow G2 3DD", "image": "uploads/MD4.jpg", "thumbnail": "uploads/uploads/MD4.jpg", "date_added": "2023-03-27T17:08:58.102Z", "phone": "01413326009", "map_url": "https://goo.gl/maps/KWcFbwv9J7yv1U2C8", "avg_rating": 0.0, "owner": 5, "favorite_count": 0}}, {"model": "product.product", "pk": 41, "fields": {"category": 3, "name": "Apple Glasgow", "slug": "apple-glasgow", "description": "Apple retail store selling iPhones, iPads & more in sleekly designed spaces", "address": "147 Buchanan St, Glasgow G1 2JX", "image": "uploads/apple.jpg", "thumbnail": "uploads/uploads/apple.jpg", "date_added": "2023-03-27T17:13:42.143Z", "phone": "01413004700", "map_url": "https://goo.gl/maps/fyRzYDVJSezNdjuVA", "avg_rating": 5.0, "owner": 6, "favorite_count": 0}}, {"model": "product.product", "pk": 42, "fields": {"category": 3, "name": "Buchanan Galleries", "slug": "buchanan-galleries", "description": "Buchanan Galleries shopping centre is in the middle of Glasgow city centre, a city recognised as one of the top retail destinations in the UK.? We're home to John Lewis in Glasgow, and?have over 80 of the best retail names under our roof, from retail giants to small independents.", "address": "220 Buchanan St, Glasgow G1 2FF", "image": "uploads/buchanan-galleries.jpg", "thumbnail": "uploads/uploads/buchanan-galleries.jpg", "date_added": "2023-03-27T17:16:42.908Z", "phone": "1413339898", "map_url": "https://goo.gl/maps/5cUMJMayr2iaBZrS9", "avg_rating": 4.0, "owner": 6, "favorite_count": 0}}, {"model": "product.product", "pk": 43, "fields": {"category": 4, "name": "Kelvingrove Art Gallery and Museum", "slug": "kelvingrove-art-gallery-and-museum", "description": "Kelvingrove Art Gallery and Museum opened in 1901 and is a firm favourite with local people and visitors. It has stunning architecture and a family friendly atmosphere.", "address": "Kelvingrove Art Gallery and Museum", "image": "uploads/kelvingrove.jpg", "thumbnail": "uploads/uploads/kelvingrove.jpg", "date_added": "2023-03-27T17:18:00.894Z", "phone": "01412769599", "map_url": "https://goo.gl/maps/K3NtTURnWbKtgQfX8", "avg_rating": 4.5, "owner": 6, "favorite_count": 0}}, {"model": "product.product", "pk": 44, "fields": {"category": 4, "name": "Glasgow Science Centre", "slug": "glasgow-science-centre", "description": "Want to learn more about Glasgow Science Centre? Then you've come to the right place!?", "address": "50 Pacific Quay, Glasgow G51 1EA", "image": "uploads/science-center.jpg.jpg", "thumbnail": "uploads/uploads/science-center.jpg.jpg", "date_added": "2023-03-27T17:19:52.957Z", "phone": "01414205000", "map_url": "https://goo.gl/maps/SH2VRnJNbwoMgL5G7", "avg_rating": 4.5, "owner": 6, "favorite_count": 0}}, {"model": "product.product", "pk": 45, "fields": {"category": 2, "name": "Malmaison Glasgow", "slug": "malmaison-glasgow", "description": "Our boutique hotel in Glasgow, formerly a Greek Orthodox Church, is nothing short of extraordinary. Located just off Blythswood Square, between Glasgow Central train station and popular Sauchiehall Street, Malmaison Glasgow is right in the heart of everything, and the perfect location to explore the city.", "address": "278 W George St, Glasgow G2 4LL", "image": "uploads/malmaison.jpg", "thumbnail": "uploads/uploads/malmaison.jpg", "date_added": "2023-03-27T17:35:40.848Z", "phone": "01413780384", "map_url": "https://goo.gl/maps/sVZt5P6fobYeTGDMA", "avg_rating": 4.0, "owner": 7, "favorite_count": 0}}, {"model": "product.product", "pk": 46, "fields": {"category": 2, "name": "Kimpton Blythswood Square Hotel", "slug": "kimpton-blythswood-square-hotel", "description": "Upscale hotel set in an elegant building offering sophisticated dining, 2 bars & a spa.", "address": "11 Blythswood Square, Glasgow G2 4AD", "image": "uploads/kimpton.jpg", "thumbnail": "uploads/uploads/kimpton.jpg", "date_added": "2023-03-27T17:45:17.715Z", "phone": "01412488888", "map_url": "https://goo.gl/maps/9NWvLpzwzt4GhRkG6", "avg_rating": 4.0, "owner": 7, "favorite_count": 0}}, {"model": "product.product", "pk": 47, "fields": {"category": 2, "name": "Sherbrooke Castle Hotel Glasgow", "slug": "sherbrooke-castle-hotel-glasgow", "description": "Baronial-style mansion offering rooms & suites, plus a restaurant serving free Scottish breakfast.", "address": "11 Sherbrooke Ave, Pollokshields, Glasgow G41 4PG", "image": "uploads/sherbrooke.jpg", "thumbnail": "uploads/uploads/sherbrooke.jpg", "date_added": "2023-03-27T17:47:47.865Z", "phone": "0141 427 4227", "map_url": "https://goo.gl/maps/znXaZtXntsJdqNTV9", "avg_rating": 5.0, "owner": 7, "favorite_count": 1}}, {"model": "product.product", "pk": 48, "fields": {"category": 2, "name": "Apex City of Glasgow Hotel", "slug": "apex-city-of-glasgow-hotel", "description": "Sleek rooms and suites in a modern hotel offering a restaurant and a bar, plus 24/7 room service.", "address": "110 Bath St, Glasgow G2 2EN", "image": "uploads/apex.jpg", "thumbnail": "uploads/uploads/apex.jpg", "date_added": "2023-03-27T17:48:51.274Z", "phone": "0141 375 3333", "map_url": "https://goo.gl/maps/EX8mcGQof5zFeN9s9", "avg_rating": 4.0, "owner": 7, "favorite_count": 0}}, {"model": "product.review", "pk": 5, "fields": {"user": 2, "product": 30, "content": "Awesome burgers!", "rating": 5.0, "datetime": "2023-03-27T17:04:21.027Z"}}, {"model": "product.review", "pk": 6, "fields": {"user": 2, "product": 34, "content": "Where else you will find better fried chicken..", "rating": 4.0, "datetime": "2023-03-27T17:04:48.334Z"}}, {"model": "product.review", "pk": 7, "fields": {"user": 6, "product": 36, "content": "Terrible service, wouldn't visit again..", "rating": 2.0, "datetime": "2023-03-27T17:08:42.687Z"}}, {"model": "product.review", "pk": 8, "fields": {"user": 6, "product": 33, "content": "Great shopping place with beautiful decoration during festivities", "rating": 4.0, "datetime": "2023-03-27T17:10:13.886Z"}}, {"model": "product.review", "pk": 9, "fields": {"user": 5, "product": 31, "content": "Enjoyed a swift lunch, staff were nice.", "rating": 4.0, "datetime": "2023-03-27T17:12:36.406Z"}}, {"model": "product.review", "pk": 10, "fields": {"user": 5, "product": 30, "content": "Not as nice as the Braehead store.", "rating": 2.0, "datetime": "2023-03-27T17:13:14.955Z"}}, {"model": "product.review", "pk": 11, "fields": {"user": 6, "product": 32, "content": "My favorite chinese place go-to! ", "rating": 5.0, "datetime": "2023-03-27T17:20:25.215Z"}}, {"model": "product.review", "pk": 12, "fields": {"user": 6, "product": 31, "content": "Great service and great burgers. Don't forget to order the signature five guys fries!", "rating": 5.0, "datetime": "2023-03-27T17:21:33.263Z"}}, {"model": "product.review", "pk": 13, "fields": {"user": 6, "product": 37, "content": "Very conveniently located. Can get busy during the weekends and lunch time", "rating": 4.0, "datetime": "2023-03-27T17:22:08.999Z"}}, {"model": "product.review", "pk": 14, "fields": {"user": 6, "product": 38, "content": "The area feels a bit dodgy, wouldn't go at night", "rating": 1.0, "datetime": "2023-03-27T17:30:00.750Z"}}, {"model": "product.review", "pk": 15, "fields": {"user": 8, "product": 35, "content": " great place to visit, and have plenty of shops", "rating": 5.0, "datetime": "2023-03-27T17:41:44.829Z"}}, {"model": "product.review", "pk": 16, "fields": {"user": 8, "product": 45, "content": "The location is perfect, but the the price is a bit pricey", "rating": 4.0, "datetime": "2023-03-27T17:45:17.932Z"}}, {"model": "product.review", "pk": 17, "fields": {"user": 7, "product": 32, "content": "Went there once and was very impressed by the food quality", "rating": 4.0, "datetime": "2023-03-27T17:49:27.492Z"}}, {"model": "product.review", "pk": 18, "fields": {"user": 7, "product": 41, "content": "Great selection of apple products. In the middle of the city so very easy to access.", "rating": 5.0, "datetime": "2023-03-27T17:49:53.786Z"}}, {"model": "product.review", "pk": 19, "fields": {"user": 7, "product": 42, "content": "Big shopping centres in the middle of high street. Good for a walk with your significant one!", "rating": 4.0, "datetime": "2023-03-27T17:52:45.328Z"}}, {"model": "product.review", "pk": 20, "fields": {"user": 7, "product": 44, "content": "Nice big place to visit for an eventful day. Be prepared to meet a lot of kids though!", "rating": 4.0, "datetime": "2023-03-27T17:53:15.363Z"}}, {"model": "product.review", "pk": 21, "fields": {"user": 7, "product": 43, "content": "Free-entry musuem, beautiful art especially the portraits. The Glasgow Boy collections were amazing", "rating": 5.0, "datetime": "2023-03-27T17:53:53.394Z"}}, {"model": "product.review", "pk": 22, "fields": {"user": 7, "product": 39, "content": "A bit far but has good selection with cheap price", "rating": 5.0, "datetime": "2023-03-27T17:54:17.098Z"}}, {"model": "product.review", "pk": 23, "fields": {"user": 7, "product": 35, "content": "It's becoming old and dirty, not very good maintenance of the area. The shops are still great though.", "rating": 3.0, "datetime": "2023-03-27T17:55:06.453Z"}}, {"model": "product.review", "pk": 24, "fields": {"user": 6, "product": 46, "content": "Very fancy hotel", "rating": 4.0, "datetime": "2023-03-27T17:55:55.689Z"}}, {"model": "product.review", "pk": 25, "fields": {"user": 6, "product": 47, "content": "A bit further out of the city but has great ambience. It's taking you back to the medieval time!", "rating": 5.0, "datetime": "2023-03-27T17:56:26.518Z"}}, {"model": "product.review", "pk": 26, "fields": {"user": 6, "product": 48, "content": "Business hotel with good price, good for a quick stay in the city", "rating": 4.0, "datetime": "2023-03-27T17:57:10.213Z"}}, {"model": "product.review", "pk": 27, "fields": {"user": 7, "product": 36, "content": "Recently saw news that people got stabbed at night there! DO NOT VISIT!", "rating": 1.0, "datetime": "2023-03-27T17:57:55.984Z"}}, {"model": "product.review", "pk": 28, "fields": {"user": 8, "product": 43, "content": "stunning building architecture, Great collections to see and experience", "rating": 4.0, "datetime": "2023-03-27T18:00:09.287Z"}}, {"model": "product.review", "pk": 29, "fields": {"user": 8, "product": 44, "content": "perfect place for family", "rating": 5.0, "datetime": "2023-03-27T18:00:47.253Z"}}, {"model": "product.review", "pk": 30, "fields": {"user": 8, "product": 30, "content": "The staff is really nice, but the hamburger is not worth the money", "rating": 3.0, "datetime": "2023-03-27T18:02:43.390Z"}}, {"model": "product.review", "pk": 31, "fields": {"user": 8, "product": 34, "content": "My all-time favourite fried chicken shop", "rating": 5.0, "datetime": "2023-03-27T18:03:29.133Z"}}, {"model": "product.review", "pk": 32, "fields": {"user": 8, "product": 36, "content": "Have to wait too long for the order", "rating": 2.0, "datetime": "2023-03-27T18:04:21.147Z"}}, {"model": "product.favoriteshop", "pk": 9, "fields": {"user": 2, "product": 30}}, {"model": "product.favoriteshop", "pk": 10, "fields": {"user": 6, "product": 47}}]